"Time (s) Run #5","Position (m) Run #5","Velocity (m/s) Run #5","Acceleration (m/s²) Run #5","Time (s) Run #6","Position (m) Run #6","Velocity (m/s) Run #6","Acceleration (m/s²) Run #6","Time (s) Run #7","Position (m) Run #7","Velocity (m/s) Run #7","Acceleration (m/s²) Run #7","Time (s) Run #8","Position (m) Run #8","Velocity (m/s) Run #8","Acceleration (m/s²) Run #8","Time (s) Run #9","Position (m) Run #9","Velocity (m/s) Run #9","Acceleration (m/s²) Run #9","Time (s) Run #10","Position (m) Run #10","Velocity (m/s) Run #10","Acceleration (m/s²) Run #10","Time (s) Run #11","Position (m) Run #11","Velocity (m/s) Run #11","Acceleration (m/s²) Run #11","Time (s) Run #12","Position (m) Run #12","Velocity (m/s) Run #12","Acceleration (m/s²) Run #12","Time (s) Run #13","Position (m) Run #13","Velocity (m/s) Run #13","Acceleration (m/s²) Run #13","Time (s) Run #14","Position (m) Run #14","Velocity (m/s) Run #14","Acceleration (m/s²) Run #14"
0.000,1.05,,,0.000,1.00,,,0.000,1.05,,,0.000,1.04,,,0.000,1.07,,,0.000,1.06,,,0.000,1.08,,,0.000,1.11,,,0.000,1.06,,,0.000,1.02,,
0.020,1.05,0.01,,0.020,1.00,0.49,,0.020,1.05,7.44E-4,,0.020,1.03,-0.08,,0.020,1.07,-0.01,,0.020,1.06,0.00,,0.020,1.08,0.00,,0.020,1.10,-0.32,,0.020,1.07,0.11,,0.020,1.02,0.10,
0.040,1.05,0.01,-0.15,0.040,1.02,-0.11,-17.96,0.040,1.05,0.04,0.23,0.040,1.03,-0.01,3.44,0.040,1.07,-0.05,-0.86,0.040,1.06,-5.57E-4,0.22,0.040,1.08,-0.01,-0.51,0.040,1.09,-0.22,2.92,0.040,1.07,0.04,-2.86,0.040,1.02,0.05,-1.00
0.060,1.05,0.00,-0.12,0.060,1.00,-0.23,-1.44,0.060,1.05,0.01,-1.58,0.060,1.03,0.06,4.84,0.060,1.07,-0.04,0.28,0.060,1.06,0.01,0.57,0.060,1.08,-0.02,-0.56,0.060,1.09,-0.21,3.54,0.060,1.07,0.00,-1.63,0.060,1.02,0.06,1.30
0.080,1.05,4.36E-4,-0.25,0.080,0.99,0.06,3.00,0.080,1.05,-0.06,-1.48,0.080,1.04,0.14,5.60,0.080,1.07,-0.02,0.69,0.080,1.06,0.03,0.45,0.080,1.08,-0.04,-0.12,0.080,1.09,-0.11,4.31,0.080,1.07,-0.01,-0.79,0.080,1.02,0.15,0.58
0.100,1.05,4.05E-4,-0.63,0.100,1.00,0.15,-2.07,0.100,1.05,-0.09,0.30,0.100,1.04,0.35,1.73,0.100,1.07,0.00,0.40,0.100,1.06,0.04,-0.08,0.100,1.08,-0.04,0.73,0.100,1.08,0.00,4.25,0.100,1.07,-0.03,0.02,0.100,1.03,0.16,-2.69
0.120,1.05,-0.02,-0.83,0.120,1.02,-0.12,-5.18,0.120,1.04,-0.04,1.85,0.120,1.05,0.37,-6.38,0.120,1.07,-0.01,0.16,0.120,1.06,0.03,-0.63,0.120,1.07,-0.01,1.04,0.120,1.09,0.10,1.95,0.120,1.07,-0.03,0.91,0.120,1.03,0.02,-4.72
0.140,1.05,-0.05,-0.28,0.140,0.99,-0.29,-0.74,0.140,1.05,0.02,1.49,0.140,1.06,0.04,-11.29,0.140,1.07,-0.01,0.41,0.140,1.06,0.01,-0.85,0.140,1.07,0.03,-0.01,0.140,1.09,0.10,-0.78,0.140,1.06,0.01,1.46,0.140,1.03,-0.14,-2.33
0.160,1.04,-0.05,0.75,0.160,0.99,-0.12,5.17,0.160,1.05,0.05,-0.42,0.160,1.05,-0.31,-6.51,0.160,1.07,0.01,0.76,0.160,1.06,-0.01,-0.74,0.160,1.08,0.01,-0.05,0.160,1.09,0.03,-2.73,0.160,1.07,0.05,0.69,0.160,1.02,-0.12,1.61
0.180,1.04,-0.01,1.13,0.180,1.00,0.06,6.70,0.180,1.05,0.00,-2.11,0.180,1.04,-0.33,2.51,0.180,1.07,0.03,0.77,0.180,1.06,-0.02,-0.32,0.180,1.08,-0.06,3.17,0.180,1.09,-0.02,-3.65,0.180,1.07,0.06,-0.93,0.180,1.02,0.02,2.46
0.200,1.05,0.02,0.58,0.200,0.99,0.15,3.67,0.200,1.05,-0.07,-2.09,0.200,1.04,-0.05,6.32,0.200,1.07,0.04,0.41,0.200,1.06,-0.03,0.29,0.200,1.07,0.08,6.94,0.200,1.09,-0.11,-3.90,0.200,1.07,0.00,-1.66,0.200,1.03,0.05,0.88
0.220,1.05,0.01,0.26,0.220,0.99,0.24,-1.79,0.220,1.04,-0.11,-0.49,0.220,1.04,0.08,3.86,0.220,1.07,0.05,-0.02,0.220,1.06,-0.01,0.75,0.220,1.07,0.34,4.43,0.220,1.09,-0.21,-3.09,0.220,1.07,-0.05,-0.70,0.220,1.03,-0.01,1.19
0.240,1.04,0.00,0.76,0.240,1.02,0.13,-6.69,0.240,1.04,-0.09,3.12,0.240,1.04,0.04,0.39,0.240,1.07,0.04,-0.39,0.240,1.06,0.01,0.66,0.240,1.09,0.44,-5.08,0.240,1.08,-0.26,0.76,0.240,1.07,-0.03,0.86,0.240,1.02,0.02,3.79
0.260,1.04,0.04,1.41,0.260,1.00,-0.14,-5.36,0.260,1.04,-0.04,7.42,0.260,1.04,0.04,-1.03,0.260,1.08,0.03,-0.66,0.260,1.06,0.03,-0.04,0.260,1.10,0.11,-10.90,0.260,1.08,-0.24,6.84,0.260,1.07,0.02,0.96,0.260,1.02,0.19,4.24
0.280,1.05,0.08,1.24,0.280,1.00,-0.27,1.83,0.280,1.04,0.23,7.98,0.280,1.04,0.03,-1.99,0.280,1.08,0.01,-0.87,0.280,1.06,0.01,-0.74,0.280,1.10,-0.30,-6.89,0.280,1.07,0.02,9.43,0.280,1.07,0.04,-0.47,0.280,1.03,0.30,0.59
0.300,1.05,0.10,0.12,0.300,0.99,0.00,6.73,0.300,1.04,0.46,1.49,0.300,1.04,-0.03,-2.98,0.300,1.08,0.00,-1.22,0.300,1.06,-0.02,0.52,0.300,1.08,-0.23,0.81,0.300,1.07,0.34,3.79,0.300,1.07,-0.01,-1.53,0.300,1.04,0.22,-3.61
0.320,1.05,0.09,-1.22,0.320,0.99,0.21,3.91,0.320,1.07,0.37,-6.73,0.320,1.04,-0.12,-2.35,0.320,1.08,-0.03,-1.24,0.320,1.06,-0.03,3.16,0.320,1.08,-0.05,1.99,0.320,1.09,0.29,-6.53,0.320,1.07,-0.06,-1.06,0.320,1.04,0.07,-5.00
0.340,1.05,0.05,-2.02,0.340,1.01,0.19,-1.99,0.340,1.07,-5.93E-4,-8.75,0.340,1.04,-0.16,-0.32,0.340,1.08,-0.07,-0.38,0.340,1.06,0.13,3.43,0.340,1.09,-0.04,0.60,0.340,1.10,-0.06,-10.34,0.340,1.07,-0.06,0.28,0.340,1.04,-0.01,-4.85
0.360,1.05,-0.01,-1.63,0.360,1.01,0.01,-2.70,0.360,1.06,-0.12,-5.45,0.360,1.03,-0.12,1.44,0.360,1.07,-0.07,1.04,0.360,1.06,0.24,-0.66,0.360,1.08,-0.25,3.43,0.360,1.08,-0.37,-3.49,0.360,1.07,-0.03,0.70,0.360,1.04,-0.07,-4.92
0.380,1.05,-0.04,-0.38,0.380,1.00,-0.04,1.04,0.380,1.05,-0.10,-2.75,0.380,1.03,-0.07,1.93,0.380,1.07,-0.01,1.67,0.380,1.08,0.12,-5.51,0.380,1.07,0.04,4.90,0.380,1.07,-0.25,5.84,0.380,1.07,-0.01,-0.07,0.380,1.04,-0.22,-4.06
0.400,1.05,-0.02,0.56,0.400,1.00,0.12,3.02,0.400,1.07,-0.18,-1.58,0.400,1.03,-0.04,1.45,0.400,1.07,0.03,0.95,0.400,1.07,-0.10,-4.72,0.400,1.07,0.28,1.58,0.400,1.07,0.06,8.23,0.400,1.06,-0.03,-0.91,0.400,1.03,-0.31,0.32
0.420,1.05,0.01,0.88,0.420,1.01,0.21,0.38,0.420,1.04,-0.27,1.02,0.420,1.03,-0.01,0.83,0.420,1.07,0.03,-0.20,0.420,1.06,-0.19,0.56,0.420,1.11,0.02,-1.57,0.420,1.08,0.21,2.74,0.420,1.06,-0.07,-0.38,0.420,1.02,-0.26,5.47
0.440,1.05,0.01,0.82,0.440,1.02,0.12,-3.35,0.440,1.04,-0.14,0.77,0.440,1.03,-0.01,0.33,0.440,1.07,0.01,-0.33,0.440,1.06,-0.02,4.33,0.440,1.07,-0.03,1.05,0.440,1.09,0.16,-3.17,0.440,1.06,-0.08,1.73,0.440,1.02,0.00,4.87
0.460,1.05,0.04,0.48,0.460,1.01,0.00,-4.70,0.460,1.04,-0.02,-5.34,0.460,1.03,-0.01,0.12,0.460,1.07,-0.01,1.57,0.460,1.06,0.10,4.04,0.460,1.07,0.17,2.41,0.460,1.09,-0.02,-4.31,0.460,1.06,-0.01,3.46,0.460,1.02,0.12,-0.32
0.480,1.05,0.05,-0.53,0.480,1.01,-0.07,-4.23,0.480,1.05,-0.34,-12.49,0.480,1.03,-0.01,0.36,0.480,1.07,0.03,2.91,0.480,1.07,0.13,1.71,0.480,1.10,0.26,-3.34,0.480,1.08,-0.09,-2.69,0.480,1.06,0.11,2.49,0.480,1.04,-0.11,-4.15
0.500,1.06,0.03,-1.77,0.500,1.01,-0.16,-2.80,0.500,1.03,-0.71,-13.45,0.500,1.03,0.00,0.57,0.500,1.07,0.19,0.72,0.500,1.07,0.15,-1.00,0.500,1.10,0.02,-8.40,0.500,1.08,-0.06,0.01,0.500,1.07,0.15,-0.99,0.500,1.02,-0.19,-1.97
0.520,1.05,-0.04,-1.85,0.520,1.01,-0.23,0.16,0.520,1.01,-0.95,-9.14,0.520,1.03,0.03,0.18,0.520,1.08,0.15,-3.99,0.520,1.07,0.14,-4.45,0.520,1.07,-0.28,-7.43,0.520,1.08,-0.13,2.38,0.520,1.07,0.06,-3.51,0.520,1.01,-0.18,1.91
0.540,1.05,-0.08,-0.77,0.540,1.00,-0.18,3.59,0.540,0.99,-1.02,-6.09,0.540,1.03,0.02,-0.62,0.540,1.09,-0.05,-5.89,0.540,1.08,-0.03,-6.73,0.540,1.10,-0.30,-2.81,0.540,1.08,0.02,2.56,0.540,1.07,-0.07,-2.50,0.540,1.03,-0.04,2.40
0.560,1.05,-0.06,0.53,0.560,1.00,-0.03,4.73,0.560,0.98,-1.12,-5.85,0.560,1.03,-0.01,-0.97,0.560,1.07,-0.21,-1.84,0.560,1.08,-0.23,-4.69,0.560,1.07,-0.32,4.03,0.560,1.07,0.12,0.04,0.560,1.06,-0.09,0.54,0.560,1.01,-0.03,1.80
0.580,1.05,-0.04,1.20,0.580,1.00,0.07,3.25,0.580,0.95,-1.27,-6.61,0.580,1.03,-0.03,-0.41,0.580,1.07,-0.15,2.75,0.580,1.06,-0.29,0.47,0.580,1.07,-0.29,8.29,0.580,1.10,0.00,-2.98,0.580,1.06,0.00,2.36,0.580,1.01,-0.06,0.08
0.600,1.05,-0.01,1.36,0.600,1.00,0.09,1.06,0.600,0.92,-1.41,-6.16,0.600,1.03,-0.03,0.26,0.600,1.07,0.04,4.55,0.600,1.06,-0.16,3.66,0.600,1.07,0.19,6.27,0.600,1.08,-0.11,-1.39,0.600,1.06,0.06,1.69,0.600,1.01,0.05,-2.48
0.620,1.05,0.01,1.22,0.620,1.00,0.09,-0.30,0.620,0.89,-1.53,-4.59,0.620,1.03,-0.01,0.40,0.620,1.07,0.04,3.96,0.620,1.06,-0.04,3.11,0.620,1.07,0.19,-1.82,0.620,1.07,-0.11,0.45,0.620,1.07,0.07,-1.05,0.620,1.01,-0.11,-5.78
0.640,1.05,0.04,0.58,0.640,1.01,0.07,-1.09,0.640,0.86,-1.60,-3.38,0.640,1.03,-0.01,0.11,0.640,1.08,0.15,1.07,0.640,1.06,-0.04,3.39,0.640,1.09,-0.04,-7.45,0.640,1.08,0.07,-2.63,0.640,1.07,0.04,-4.99,0.640,1.02,-0.27,-6.83
0.660,1.05,0.05,-0.12,0.660,1.01,0.05,-1.34,0.660,0.83,-1.63,-3.64,0.660,1.03,-0.01,-0.15,0.660,1.07,0.21,0.24,0.660,1.06,-0.04,5.03,0.660,1.06,-0.27,-0.43,0.660,1.08,-0.12,-7.84,0.660,1.07,-0.12,-8.77,0.660,1.00,-0.42,-3.77
0.680,1.05,0.02,-0.47,0.680,1.01,9.83E-4,-0.30,0.680,0.80,-1.72,-4.82,0.680,1.03,-0.01,-0.25,0.680,1.09,-0.01,6.06,0.680,1.06,0.25,4.37,0.680,1.06,-0.24,10.61,0.680,1.08,-0.42,-10.18,0.680,1.07,-0.36,-10.02,0.680,0.99,-0.45,-1.18
0.700,1.05,0.02,-0.46,0.700,1.01,0.00,1.92,0.700,0.76,-1.85,-5.17,0.700,1.03,-0.02,-0.35,0.700,1.08,0.22,6.63,0.700,1.06,0.28,-1.73,0.700,1.06,0.34,14.19,0.700,1.06,-0.57,-7.48,0.700,1.05,-0.58,-8.07,0.700,0.98,-0.38,-1.51
0.720,1.05,0.01,-0.36,0.720,1.01,0.08,3.05,0.720,0.72,-1.95,-4.47,0.720,1.03,-0.03,-0.46,0.720,1.06,0.87,-14.24,0.720,1.09,0.17,-8.00,0.720,1.06,0.62,5.25,0.720,1.05,-0.70,-5.03,0.720,1.04,-0.69,-5.03,0.720,0.98,-0.46,-4.34
0.740,1.05,0.00,-0.28,0.740,1.01,0.20,-0.78,0.740,0.68,-2.01,-3.91,0.740,1.03,-0.04,0.12,0.740,1.13,0.14,-46.37,0.740,1.06,-0.17,-7.23,0.740,1.10,0.57,-9.74,0.740,1.04,-0.73,-3.91,0.740,1.03,-0.75,-2.25,0.740,0.97,-0.60,-5.83
0.760,1.05,0.00,-0.07,0.760,1.01,0.17,-7.82,0.760,0.64,-2.09,-3.97,0.760,1.03,-0.05,2.91,0.760,1.15,-1.63,-51.85,0.760,1.08,-0.27,-3.13,0.760,1.10,0.16,-14.48,0.760,1.02,-0.86,-3.38,0.760,1.01,-0.80,0.06,0.760,0.95,-0.76,-3.82
0.780,1.05,9.94E-4,0.04,0.780,1.02,-0.18,-10.50,0.780,0.60,-2.18,-3.84,0.780,1.03,0.02,6.25,0.780,1.01,-2.84,-19.72,0.780,1.05,-0.16,-0.09,0.780,1.10,-0.37,-8.04,0.780,1.01,-0.88,-3.53,0.780,0.99,-0.75,0.30,0.780,0.94,-0.78,-0.66
0.800,1.05,0.01,-0.06,0.800,1.01,-0.48,-3.82,0.800,0.56,-2.26,-3.25,0.800,1.03,0.27,5.07,0.800,0.98,-2.37,12.09,0.800,1.07,-0.22,-2.23,0.800,1.09,-0.18,2.91,0.800,0.98,-0.96,-3.82,0.800,0.98,-0.68,-2.94,0.800,0.92,-0.73,1.41
0.820,1.05,-1.18E-4,-0.28,0.820,0.99,-0.41,6.08,0.820,0.51,-2.30,-2.60,0.820,1.03,0.40,-1.93,0.820,0.96,-1.48,17.60,0.820,1.05,-0.22,-6.31,0.820,1.07,-0.06,6.16,0.820,0.97,-1.05,-4.98,0.820,0.97,-0.83,-7.28,0.820,0.91,-0.70,1.58
0.840,1.05,-0.01,-0.44,0.840,0.99,-0.06,7.48,0.840,0.46,-2.36,-2.50,0.840,1.05,0.18,-9.22,0.840,0.92,-1.54,6.15,0.840,1.05,-0.47,-9.50,0.840,1.11,0.19,2.10,0.840,0.94,-1.14,-3.81,0.840,0.95,-1.07,-7.33,0.840,0.89,-0.67,0.84
0.860,1.05,-0.02,-0.46,0.860,0.99,0.13,-0.92,0.860,0.42,-2.39,-2.93,0.860,1.05,-0.13,-10.02,0.860,0.89,-1.57,-0.15,0.860,1.04,-0.67,-10.43,0.860,1.07,0.00,-0.31,0.860,0.92,-1.29,-0.81,0.860,0.92,-1.23,-2.50,0.860,0.88,-0.66,-0.15
0.880,1.05,-0.03,-0.43,0.880,1.00,-0.12,-10.62,0.880,0.37,-2.47,-3.42,0.880,1.03,-0.32,-7.02,0.880,0.86,-1.55,0.21,0.880,1.02,-0.92,-8.20,0.880,1.10,0.02,-3.41,0.880,0.89,-1.18,1.76,0.880,0.90,-1.16,1.78,0.880,0.87,-0.67,-1.00
0.900,1.05,-0.04,-0.18,0.900,0.99,-0.46,-14.26,0.900,0.32,-2.54,-2.18,0.900,1.04,-0.31,-7.13,0.900,0.83,-1.49,-2.38,0.900,1.00,-1.03,-5.70,0.900,1.07,0.08,-6.98,0.900,0.86,-1.12,0.29,0.900,0.88,-1.04,2.31,0.900,0.85,-0.71,-1.16
0.920,1.05,-0.04,0.36,0.920,0.98,-0.75,-8.41,0.920,0.26,-2.62,5.07,0.920,1.02,-0.48,-10.58,0.920,0.80,-1.59,-6.42,0.920,0.98,-1.09,-4.09,0.920,1.11,-0.30,-12.72,0.920,0.85,-1.11,-5.15,0.920,0.86,-1.05,0.41,0.920,0.84,-0.73,-1.08
0.940,1.05,-0.03,1.19,0.940,0.96,-0.96,-1.36,0.940,0.21,-2.51,10.23,0.940,1.02,-0.82,-12.72,0.940,0.77,-1.81,-7.93,0.940,0.96,-1.18,-3.96,0.940,1.07,-0.52,-14.02,0.940,0.82,-1.33,-8.41,0.940,0.84,-1.06,-0.75,0.940,0.82,-0.74,-1.12
0.960,1.05,0.01,1.29,0.960,0.94,-0.63,-3.27,0.960,0.16,-1.90,6.25,0.960,0.99,-1.07,-9.97,0.960,0.73,-2.00,-5.11,0.960,0.93,-1.26,-4.02,0.960,1.06,-0.91,-12.64,0.960,0.80,-1.58,-6.93,0.960,0.81,-1.09,-0.61,0.960,0.81,-0.78,-1.13
0.980,1.05,0.06,-0.96,0.980,0.91,-0.74,-11.03,0.980,0.12,-2.04,-0.06,0.980,0.97,-1.24,-5.32,0.980,0.69,-2.04,-1.68,0.980,0.91,-1.34,-3.92,0.980,1.06,-1.00,-11.48,0.980,0.76,-1.65,-2.13,0.980,0.79,-1.09,-0.42,0.980,0.79,-0.80,-0.70
1.000,1.05,0.03,-2.68,1.000,0.95,-1.36,-14.80,1.000,0.13,-2.34,6.85,1.000,0.95,-1.26,-2.81,1.000,0.65,-1.98,-0.67,1.000,0.88,-1.41,-3.78,1.000,1.02,-1.34,-7.66,1.000,0.73,-1.62,0.96,1.000,0.77,-1.09,-0.66,1.000,0.78,-0.81,-0.24
1.020,1.05,-0.16,-1.05,1.020,0.87,-1.55,-8.68,1.020,0.00,-2.07,88.15,1.020,0.92,-1.27,-3.09,1.020,0.61,-2.03,-1.81,1.020,0.85,-1.49,-3.61,1.020,1.00,-1.46,-2.75,1.020,0.70,-1.55,1.01,1.020,0.75,-1.11,-1.28,1.020,0.76,-0.80,-0.27
1.040,1.05,-0.09,2.27,1.040,0.83,-1.59,-6.12,1.040,0.00,-1.04,217.84,1.040,0.89,-1.37,-4.59,1.040,0.57,-2.09,-2.67,1.040,0.82,-1.56,-3.44,1.040,0.96,-1.36,1.83,1.040,0.67,-1.57,-0.16,1.040,0.73,-1.15,-1.54,1.040,0.75,-0.81,-0.65
1.060,1.03,0.05,1.96,1.060,0.85,-1.55,-10.65,1.060,0.00,7.24,267.10,1.060,0.87,-1.49,-4.95,1.060,0.52,-2.15,-2.05,1.060,0.79,-1.63,-3.29,1.060,0.94,-1.31,1.75,1.060,0.63,-1.58,-1.21,1.060,0.70,-1.19,-1.23,1.060,0.73,-0.83,-0.93
1.080,1.06,0.08,-3.66,1.080,0.78,-2.10,-10.20,1.080,0.00,14.49,128.29,1.080,0.83,-1.59,-4.22,1.080,0.48,-2.18,-1.09,1.080,0.76,-1.69,-3.24,1.080,0.91,-1.28,-0.69,1.080,0.60,-1.61,-1.55,1.080,0.68,-1.20,-0.70,1.080,0.71,-0.85,-0.92
1.100,1.05,-0.10,-8.47,1.100,0.73,-2.33,-3.60,1.100,0.87,14.45,-122.66,1.100,0.80,-1.65,-3.87,1.100,0.44,-2.18,-0.84,1.100,0.72,-1.75,-3.33,1.100,0.89,-1.34,-2.73,1.100,0.57,-1.65,-1.49,1.100,0.65,-1.21,-0.32,1.100,0.70,-0.87,-0.71
1.120,1.04,-0.38,-10.25,1.120,0.69,-2.04,2.21,1.120,0.87,7.14,-243.21,1.120,0.77,-1.72,-3.77,1.120,0.39,-2.19,-1.42,1.120,0.69,-1.82,-3.39,1.120,0.86,-1.42,-3.71,1.120,0.54,-1.68,-0.96,1.120,0.63,-1.21,-0.16,1.120,0.68,-0.88,-0.65
1.140,1.04,-0.50,-10.18,1.140,0.65,-2.04,0.20,1.140,0.87,-0.14,-181.22,1.140,0.73,-1.83,-3.28,1.140,0.35,-2.24,-1.46,1.140,0.65,-1.89,-3.19,1.140,0.83,-1.50,-3.20,1.140,0.50,-1.69,-0.48,1.140,0.61,-1.21,-0.16,1.140,0.66,-0.88,-1.03
1.160,1.02,-0.75,-9.70,1.160,0.61,-2.12,-3.76,1.160,0.86,-0.11,-58.97,1.160,0.69,-1.87,-2.20,1.160,0.30,-2.29,-1.69,1.160,0.61,-1.95,-2.78,1.160,0.80,-1.56,-2.49,1.160,0.47,-1.69,-0.45,1.160,0.58,-1.21,-0.31,1.160,0.64,-0.91,-1.60
1.180,1.01,-0.96,-8.71,1.180,0.57,-2.22,-4.47,1.180,0.86,-0.04,9.09,1.180,0.66,-1.90,-1.72,1.180,0.26,-2.26,120.69,1.180,0.57,-2.00,-2.41,1.180,0.77,-1.58,-2.32,1.180,0.43,-1.70,-0.66,1.180,0.56,-1.22,-0.57,1.180,0.62,-0.96,-1.63
1.200,0.99,-1.09,-6.87,1.200,0.52,-2.31,-4.28,1.200,0.86,-0.03,27.26,1.200,0.62,-1.91,-2.33,1.200,0.21,-2.38,376.80,1.200,0.53,-2.05,-2.18,1.200,0.74,-1.64,-2.78,1.200,0.40,-1.72,-1.02,1.200,0.53,-1.24,-0.88,1.200,0.60,-1.00,-0.88
1.220,0.96,-1.21,-5.85,1.220,0.48,-2.39,-4.14,1.220,0.86,0.87,37.38,1.220,0.58,-1.99,-3.02,1.220,0.17,12.33,494.86,1.220,0.49,-2.09,-1.96,1.220,0.71,-1.70,-3.10,1.220,0.37,-1.74,-1.47,1.220,0.51,-1.26,-1.12,1.220,0.58,-1.00,-0.16
1.240,0.94,-1.32,-5.52,1.240,0.43,-2.46,-4.32,1.240,0.86,2.25,9.93,1.240,0.54,-2.06,-3.01,1.240,0.11,28.34,208.89,1.240,0.45,-2.13,-1.95,1.240,0.67,-1.77,-2.63,1.240,0.33,-1.78,-1.94,1.240,0.48,-1.28,-1.18,1.240,0.56,-0.98,-0.02
1.260,0.91,-1.43,-5.30,1.260,0.38,-2.56,-4.46,1.260,0.97,2.17,-12.54,1.260,0.50,-2.11,-2.35,1.260,1.84,26.41,-329.75,1.260,0.40,-2.16,-2.32,1.260,0.63,-1.81,-2.03,1.260,0.30,-1.82,-2.16,1.260,0.46,-1.31,-1.05,1.260,0.54,-0.99,-0.28
1.280,0.88,-1.53,-4.89,1.280,0.33,-2.65,-2.58,1.280,1.02,-0.14,27.73,1.280,0.46,-2.15,-2.18,1.280,1.94,8.61,-517.70,1.280,0.36,-2.22,-2.81,1.280,0.60,-1.84,-1.73,1.280,0.26,-1.87,-0.70,1.280,0.43,-1.33,-0.85,1.280,0.52,-1.00,-0.45
1.300,0.85,-1.63,-4.53,1.300,0.27,-2.73,-3.32,1.300,0.96,1.75,92.75,1.300,0.41,-2.18,-2.60,1.300,1.50,-7.51,-276.48,1.300,0.31,-2.28,-2.73,1.300,0.56,-1.88,-1.77,1.300,0.22,-1.90,3.15,1.300,0.40,-1.34,-0.73,1.300,0.50,-1.01,-0.40
1.320,0.81,-1.70,-4.69,1.320,0.22,-2.60,-6.20,1.320,0.85,5.99,75.95,1.320,0.37,-2.25,-2.95,1.320,1.48,0.13,-38.99,1.320,0.27,-2.34,1.19,1.320,0.52,-1.91,-1.59,1.320,0.18,-1.78,133.30,1.320,0.38,-1.35,-0.57,1.320,0.48,-1.02,-0.32
1.340,0.78,-1.80,-5.39,1.340,0.16,-3.01,4619.93,1.340,1.35,7.17,-41.18,1.340,0.32,-2.32,-2.88,1.340,1.40,1.71,-74.69,1.340,0.22,-2.36,11.81,1.340,0.48,-1.95,-1.20,1.340,0.14,-1.53,387.03,1.340,0.35,-1.37,0.01,1.340,0.46,-1.02,-0.23
1.360,0.74,-1.93,-5.83,1.360,0.12,-3.12,9358.77,1.360,1.35,3.56,-121.89,1.360,0.28,-2.36,0.46,1.360,2.06,-5.28,-130.50,1.360,0.17,-1.99,17.06,1.360,0.44,-1.96,-1.12,1.360,0.12,13.76,511.99,1.360,0.32,-1.37,0.30,1.360,0.44,-1.03,-0.18
1.380,0.70,-2.05,-5.17,1.380,0.00,552.18,4957.48,1.380,1.32,-0.76,-100.29,1.380,0.23,-2.42,7.93,1.380,1.13,-11.06,121.17,1.380,0.13,-1.21,6.97,1.380,0.40,-1.98,-1.48,1.380,0.10,29.00,274.55,1.380,0.29,-1.33,-0.21,1.380,0.42,-1.03,-0.21
1.400,0.66,-2.15,-3.80,1.400,0.00,565.26,-8804.96,1.400,1.31,-0.71,-34.30,1.400,0.18,-2.10,248.11,1.400,1.12,-2.76,319.12,1.400,0.12,-1.44,-7.81,1.400,0.37,-2.02,-1.94,1.400,1.88,29.12,-269.51,1.400,0.27,-1.36,-1.46,1.400,0.40,-1.03,-0.29
1.420,0.62,-2.20,-2.81,1.420,66.54,23.50,-18255.74,1.420,1.30,-0.60,-0.84,1.420,0.13,-1.63,549.90,1.420,1.02,13.73,167.00,1.420,0.13,-2.07,-3.83,1.420,0.32,-2.06,-1.96,1.420,1.87,16.05,-575.54,1.420,0.24,-1.40,-1.80,1.420,0.38,-1.04,-0.29
1.440,0.57,-2.24,-2.83,1.440,1.41,-531.04,-9441.77,1.440,1.29,-0.71,-4.93,1.440,0.12,26.62,476.27,1.440,1.84,8.23,-194.13,1.440,0.00,-2.07,202.63,1.440,0.28,-2.10,-0.88,1.440,1.85,-5.63,-479.80,1.440,0.21,-1.47,2.01,1.440,0.36,-1.05,-0.19
1.460,0.53,-2.30,-3.71,1.460,1.41,-542.21,4166.53,1.460,1.27,-0.85,-8.24,1.460,0.09,34.85,-99.63,1.460,2.06,-2.01,-334.97,1.460,0.00,-1.05,580.23,1.460,0.24,-2.13,1.90,1.460,2.06,-5.31,-162.80,1.460,0.18,-1.44,9.69,1.460,0.34,-1.05,-0.18
1.480,0.48,-2.39,-4.74,1.480,1.41,-2.04,8840.68,1.480,1.25,-1.05,-9.01,1.480,3.41,18.58,-669.72,1.480,1.06,-10.32,-118.22,1.480,0.00,21.84,753.16,1.480,0.20,-2.06,204.32,1.480,1.02,-7.09,116.07,1.480,0.15,-1.09,15.40,1.480,0.32,-1.05,-0.40
1.500,0.43,-2.50,-5.08,1.500,1.48,-5.52,4468.88,1.500,1.23,-1.25,-8.20,1.500,1.02,-5.54,-529.47,1.500,1.55,-7.92,98.65,1.500,0.00,43.64,372.03,1.500,0.15,-1.88,532.94,1.500,2.06,-2.02,206.01,1.500,0.13,-0.62,134.96,1.500,0.30,-1.06,-0.58
1.520,0.38,-2.61,-4.71,1.520,1.10,-6.85,102.71,1.520,1.20,-1.39,-4.12,1.520,1.42,-13.36,-82.31,1.520,1.11,-0.05,172.00,1.520,2.62,43.63,-363.68,1.520,0.12,22.17,632.93,1.520,0.99,5.01,147.81,1.520,0.13,-0.43,371.09,1.520,0.28,-1.08,-0.36
1.540,0.33,-2.68,-2.52,1.540,1.06,-1.13,214.75,1.540,1.17,-1.49,-0.08,1.540,1.42,3.25,156.03,1.540,1.06,-0.44,112.48,1.540,2.62,21.82,-726.83,1.540,0.09,37.60,87.61,1.540,1.84,7.31,-79.75,1.540,0.13,14.11,489.26,1.540,0.25,-1.09,0.24
1.560,0.27,-2.76,5.20,1.560,1.01,5.90,130.30,1.560,1.14,-1.31,-0.94,1.560,1.41,-0.09,82.28,1.560,1.55,2.84,44.85,1.560,2.62,0.03,-545.63,1.560,2.92,34.41,-725.78,1.560,1.84,1.32,-186.45,1.560,0.10,28.71,248.55,1.560,0.23,-1.07,0.58
1.580,0.22,-2.65,10.92,1.580,1.43,7.50,-75.16,1.580,1.11,-1.35,-5.87,1.580,1.42,-0.09,-29.15,1.580,1.06,2.69,48.05,1.580,2.62,0.02,-182.97,1.580,1.87,-3.61,-843.75,1.580,2.09,-7.90,-42.34,1.580,1.85,28.94,-235.26,1.580,0.21,-1.05,0.57
1.600,0.16,-2.03,7.83,1.600,1.43,0.16,-156.56,1.600,1.10,-1.65,-12.85,1.600,1.41,-0.15,-2.09,1.600,1.45,2.20,73.38,1.600,2.62,-0.05,-1.12,1.600,2.47,-23.71,-226.21,1.600,0.90,-2.16,174.63,1.600,1.85,14.56,-479.08,1.600,0.19,-1.05,1.75
1.620,0.12,-2.11,-2102.79,1.620,1.54,-4.40,-44.74,1.620,1.05,-1.85,-11.65,1.620,1.41,-0.19,-1.20,1.620,1.48,5.97,38.51,1.620,2.62,-0.06,-0.06,1.620,0.10,-5.52,424.74,1.620,1.83,5.70,134.53,1.620,1.85,0.03,-359.07,1.620,0.17,-1.04,5.86
1.640,0.12,-2.36,-4191.87,1.640,0.92,-0.98,95.67,1.640,1.01,-2.34,-3.34,1.640,1.40,-0.24,0.74,1.640,1.39,8.37,-252.41,1.640,2.62,-0.03,0.25,1.640,1.84,9.18,364.18,1.640,1.84,8.67,-73.83,1.640,1.85,0.14,-114.65,1.640,0.15,-0.87,9.81
1.660,0.00,-254.65,-2057.80,1.660,1.41,3.27,73.37,1.660,0.98,-2.05,6.10,1.660,1.40,-0.14,-0.81,1.660,1.84,1.14,,1.660,2.62,-0.01,-0.75,1.660,1.84,14.46,-30.56,1.660,1.83,-2.59,-170.27,1.660,1.86,0.28,4.83,1.660,0.13,-0.53,130.14
1.680,0.00,-252.51,4255.83,1.680,1.44,3.96,-29.09,1.680,0.89,-1.85,12.43,1.680,1.39,-0.11,-5.63,1.680,2.10,-23.26,,1.680,2.62,-0.07,-1.38,1.680,1.84,-4.68E-4,-197.43,1.680,1.94,-2.73,-83.64,1.680,1.86,0.56,1.50,1.680,0.12,-0.39,367.61
1.700,-30.31,1.11,6264.43,1.700,1.41,-0.54,-69.05,1.700,0.92,-1.61,10.84,1.700,1.41,-0.42,-9.97,1.700,0.91,,,1.700,2.61,-0.11,-0.51,1.700,1.84,-0.01,-121.23,1.700,1.42,-3.33,61.75,1.700,1.87,0.19,-22.01,1.700,0.13,14.09,502.27
1.720,0.13,252.59,-134.12,1.720,1.40,-0.66,-33.50,1.720,0.85,-1.29,9.96,1.720,1.39,-0.64,-8.36,,,,,1.720,2.61,-0.10,1.04,1.720,1.84,-0.04,-0.52,1.720,1.92,-0.62,94.00,1.720,1.90,0.40,-104.38,1.720,0.10,28.62,225.82
1.740,0.00,-8.02,-4267.18,1.740,1.39,-0.39,7.36,1.740,0.83,-1.31,5.87,1.740,1.35,-0.80,-3.62,,,,,1.740,2.61,-0.05,,1.740,1.84,-0.05,0.10,1.740,1.45,2.72,80.83,1.740,1.84,-2.21,-173.88,1.740,1.84,30.74,-377.78
1.760,0.00,-259.48,133.69,1.760,1.38,-0.21,9.37,1.760,0.82,-0.96,-0.88,1.760,1.37,-0.72,0.15,,,,,1.760,2.61,-0.01,,1.760,1.84,-0.03,0.56,1.760,1.83,2.51,9.77,1.760,1.95,-9.57,-87.90,1.760,1.84,10.07,-721.72
1.780,-31.14,1.12,6544.78,1.780,1.38,-0.11,11.81,1.780,0.79,-1.24,-5.69,1.780,1.33,-0.77,,,,,,1.780,2.61,,,1.780,1.84,-0.01,0.51,1.780,1.84,3.24,-43.57,1.780,1.57,-10.71,159.84,1.780,2.07,-12.68,-537.75
1.800,0.13,259.50,4296.89,1.800,1.38,0.19,14.31,1.800,0.78,-1.47,-5.68,1.800,1.32,-0.66,,,,,,,,,,1.800,1.84,-0.01,0.22,1.800,1.84,0.02,-48.75,1.800,1.03,-1.65,326.24,1.800,1.08,-14.56,6.88
1.820,0.00,258.38,-2171.73,1.820,1.38,0.63,9.57,1.820,0.73,-1.49,1.75,1.820,1.30,,,,,,,,,,,1.820,1.84,-0.01,0.07,1.820,1.84,-0.03,-28.82,1.820,1.47,9.05,210.33,1.820,1.09,-9.16,356.10
1.840,0.00,-1.12,-4296.87,1.840,1.41,0.77,-3.46,1.840,0.71,-1.39,7.29,,,,,,,,,,,,,1.840,1.84,0.00,6.18,1.840,1.84,-0.07,-2.04,1.840,1.84,9.82,-35.98,1.840,1.08,7.37,270.27
1.860,0.00,1.12,-2134.46,1.860,1.43,0.45,-16.68,1.860,0.68,-1.10,8.77,,,,,,,,,,,,,1.860,1.84,0.00,-9.69,1.860,1.83,-0.12,-1.00,1.860,1.84,3.06,,1.860,0.97,8.12,-51.64
1.880,0.00,1.12,-2163.53,1.880,1.42,-0.05,-22.39,1.880,0.66,-0.97,7.36,,,,,,,,,,,,,1.880,1.84,0.73,-63.53,1.880,1.83,-0.13,0.46,1.880,1.84,0.02,,1.880,2.08,0.59,-224.44
1.900,0.13,0.00,-4336.75,1.900,1.42,-0.55,-19.48,1.900,0.64,-0.85,,,,,,,,,,,,,,1.900,1.84,-1.90,-86.17,1.900,1.83,-0.09,1.57,1.900,1.84,,,1.900,1.06,-8.58,11.73
1.920,0.00,-259.62,-2154.96,1.920,1.41,-0.92,-10.19,1.920,0.62,-0.76,,,,,,,,,,,,,,1.920,1.92,-5.73,-7.29,1.920,1.83,-0.05,1.69,,,,,1.920,1.06,-2.87,290.20
1.940,0.00,-258.54,4326.54,1.940,1.37,-1.02,0.51,1.940,0.61,,,,,,,,,,,,,,,1.940,1.52,-3.89,141.78,1.940,1.83,-0.01,1.04,,,,,1.940,0.96,12.98,272.04
1.960,-31.02,1.07,6471.11,1.960,1.36,-0.81,5.69,,,,,,,,,,,,,,,,,1.960,1.47,1.84,133.61,1.960,1.83,0.00,,,,,,1.960,1.84,13.85,-16.24
1.980,0.13,258.49,-4294.00,1.980,1.35,-0.60,3.84,,,,,,,,,,,,,,,,,1.980,1.83,7.55,-93.72,1.980,1.83,-0.01,,,,,,1.980,1.84,7.34,-239.31
2.000,0.00,-0.12,,2.000,1.34,-0.65,0.23,,,,,,,,,,,,,,,,,2.000,1.84,-1.13,-297.26,2.000,1.83,,,,,,,2.000,1.84,0.82,-222.98
2.020,0.00,-772.63,,2.020,1.32,-0.71,,,,,,,,,,,,,,,,,,2.020,2.05,-12.17,-238.20,,,,,,,,,2.020,1.84,-2.70,-117.67
2.040,-30.91,,,2.040,1.31,-0.66,,,,,,,,,,,,,,,,,,2.040,1.10,-14.12,42.77,,,,,,,,,2.040,1.94,-2.85,4.13
,,,,2.060,1.30,,,,,,,,,,,,,,,,,,,2.060,1.10,-8.05,217.59,,,,,,,,,2.060,1.42,-3.10,
,,,,,,,,,,,,,,,,,,,,,,,,2.080,1.10,-0.12,184.10,,,,,,,,,2.080,1.92,1.71,
,,,,,,,,,,,,,,,,,,,,,,,,2.100,1.10,-0.06,61.16,,,,,,,,,2.100,1.49,,
,,,,,,,,,,,,,,,,,,,,,,,,2.120,1.09,-0.01,39.42,,,,,,,,,,,,
,,,,,,,,,,,,,,,,,,,,,,,,2.140,1.10,-0.81,199.61,,,,,,,,,,,,
,,,,,,,,,,,,,,,,,,,,,,,,2.160,1.10,5.36,,,,,,,,,,,,,
,,,,,,,,,,,,,,,,,,,,,,,,2.180,1.00,18.52,,,,,,,,,,,,,
,,,,,,,,,,,,,,,,,,,,,,,,2.200,1.84,,,,,,,,,,,,,,
